{"sw_score_s1": 0.11784202386517181, "sw_score_s2": 0.08974439349283751, "sw_score_s3": 0.08160197486547928, "sw_score_s4": 0.10047501506520409, "sw_score_s5": 0.0726338210776363, "sw_score_s6": 0.09469479165641619, "sw_score_s7": 0.09765222756546815, "sw_score_s8": 0.07512467518749749, "sw_score_s9": 0.10612278078562504}